spot,location,spectra,mineralogy,C_concentration_apparent,O_concentration_apparent,Na_concentration_apparent,Mg_concentration_apparent,Al_concentration_apparent,Si_concentration_apparent,S_concentration_apparent,K_concentration_apparent,Ca_concentration_apparent,Fe_concentration_apparent,Ag_concentration_apparent,P_concentration_apparent,Ti_concentration_apparent,F_concentration_apparent,Cl_concentration_apparent,Zr_concentration_apparent,Ar_concentration_apparent,Y_concentration_apparent,Mn_concentration_apparent,Th_concentration_apparent,Zn_concentration_apparent,C_wtper,O_wtper,Na_wtper,Mg_wtper,Al_wtper,Si_wtper,S_wtper,K_wtper,Ca_wtper,Fe_wtper,Ag_wtper,P_wtper,Ti_wtper,F_wtper,Cl_wtper,Zr_wtper,Ar_wtper,Y_wtper,Mn_wtper,Th_wtper,Zn_wtper
10,point,199,rock,3.51,1.57,0.03,0.01,0.05,0.09,3.2,0.03,0.2,1.53,0.03,0,0,0,0,0,0,0,0,0,0,58.98,7.47,0.11,0.07,0.25,0.5,19.28,0.18,1.21,11.68,0.27,0,0,0,0,0,0,0,0,0,0
10,point,200,rock,2.9,2.04,0,0.03,0.13,0.29,2.16,0.04,0.55,0.05,0,0.21,0,0,0,0,0,0,0,0,0,60.53,12.93,0,0.2,0.89,2.07,17.08,0.28,4.45,0.53,0,1.04,0,0,0,0,0,0,0,0,0
10,point,201,rock,7.17,3.86,0.03,0.07,0.66,0.96,1.68,0.12,0.29,0.13,0.03,0,0.02,0,0,0,0,0,0,0,0,68.95,13.62,0.07,0.25,2.59,3.91,7.66,0.53,1.35,0.75,0.2,0,0.12,0,0,0,0,0,0,0,0
10,point,203,rock,0.86,4.83,0.03,0.09,1.37,2.05,5.1,0.27,1.15,4.23,0,0.34,0.04,0.14,0,0,0,0,0,0,0,15.34,15.64,0.08,0.37,5.59,8.56,23.33,1.19,5.24,23.19,0,1.03,0.2,0.24,0,0,0,0,0,0,0
10,point,204,rock,1.08,1.07,0,0.09,1,1.73,0.6,0.41,0.2,0.28,0.19,0,0.04,0,0,0,0,0,0,0,0,38.68,9.84,0,0.86,10,18.52,7.23,4.81,2.45,4.12,2.94,0,0.57,0,0,0,0,0,0,0,0
10,point,205,mz84_seds,1.95,2.67,0.02,0.07,0.75,1.3,1.31,0.16,0.25,0.18,0,0,0.03,0,0,0,0,0,0,0,0,48.05,17.65,0.11,0.51,5.66,10.35,11.64,1.42,2.24,2.02,0,0,0.35,0,0,0,0,0,0,0,0
10,point,206,rock,1.09,7.47,0,0.26,1.88,2.62,0.29,0.29,2.27,1.12,0.05,1.15,0,0,0,0,0,0,0,0,0,17.58,29.83,0,1.24,9.28,13.61,1.65,1.58,12.8,7.73,0.38,4.31,0,0,0,0,0,0,0,0,0
10,point,207,rock,0.37,5.94,0.04,0.25,3.02,4.42,0.21,0.58,0.27,0.81,0.05,0,0.07,0,0,0,0,0,0,0,0,9.14,27.04,0.18,1.4,18.06,28.79,1.56,3.98,1.87,6.92,0.43,0,0.62,0,0,0,0,0,0,0,0
10,point,208,rock,1.21,11.11,0,0.18,3.54,4.82,0.5,0.72,0.54,0.39,0,0.18,0,0,0,0,0,0,0,0,0,17.86,34.4,0,0.68,14.47,21.25,2.45,3.4,2.6,2.3,0,0.6,0,0,0,0,0,0,0,0,0
10,point,209,rock,3.55,2.16,0,0.03,0.1,0.11,2.68,0.03,0.36,0.05,0.11,0,0,0,0,0,0,0,0,0,0,63.83,12.04,0,0.15,0.6,0.7,18.47,0.24,2.54,0.43,0.99,0,0,0,0,0,0,0,0,0,0
10,point,210,rock,1.6,1.06,0,0,0.26,0.36,3.9,0.03,0.31,4.8,0,0,0,0,0,0,0,0,0,0,0,32.95,4.56,0,0,1.4,1.96,22.91,0.15,1.83,34.23,0,0,0,0,0,0,0,0,0,0,0
10,point,211,rock,4.23,2.24,0.03,0.03,0.19,0.18,2.71,0.04,0.32,0.05,0.03,0,0,0,0,0,0,0,0,0,0,66.52,11.25,0.11,0.13,1.05,0.98,16.96,0.25,2.1,0.4,0.25,0,0,0,0,0,0,0,0,0,0
10,point,212,rock,0.14,0.94,0,0.1,1.34,2.17,0.28,0.37,3.91,0.47,0,0,0.04,0,0,0,0,0,0,0,0,4.57,9.07,0,0.83,11.99,20.62,2.94,3.57,40.04,5.9,0,0,0.48,0,0,0,0,0,0,0,0
10,point,213,rock,0.72,6.53,0.03,0.15,2.65,5.57,0.28,0.52,0.24,0.48,0,0,0.06,0.1,0,0,0,0,0,0,0,15.57,26.83,0.1,0.77,14,31.8,1.79,3.24,1.52,3.68,0,0,0.45,0.24,0,0,0,0,0,0,0
10,point,214,rock,0,15.8,0,0,6.19,5.51,0.06,0,0.05,0.26,0,0,0,0,0,0,0,0,0,0,0,0,44.65,0,0,26.63,26.47,0.35,0,0.26,1.64,0,0,0,0,0,0,0,0,0,0,0
10,point,215,rock,1.11,16.07,0.05,0.25,3.7,6.84,0.34,0.66,0.24,0.48,0.07,0,0,0,0,0,0,0,0,0,0,13.88,39.58,0.11,0.82,12.68,25.19,1.41,2.61,0.97,2.38,0.37,0,0,0,0,0,0,0,0,0,0
10,point,216,rock,3.57,2.17,0.02,0.03,1.11,0.66,1.22,0.09,0.26,0.14,0.43,0,0.04,0,0.03,0.17,0,0,0,0,0,59.02,11.92,0.1,0.19,6.55,4.1,8.43,0.61,1.81,1.17,4.02,0,0.3,0,0.25,1.51,0,0,0,0,0
10,point,217,rock,2.24,2.02,0.04,0.04,1.07,0.93,1.45,0.12,0.63,0.14,0.05,0.19,0,0,0,0,0,0,0,0,0,50.72,13.03,0.2,0.28,7.55,6.93,12,0.96,5.32,1.41,0.6,1,0,0,0,0,0,0,0,0,0
10,point,218,rock,3.38,4.76,0.03,0.12,1.51,2.26,1,0.38,0.31,0.4,0.04,0,0.04,0,0,0,0,0,0,0,0,48.1,19.53,0.11,0.56,7.25,11.5,5.68,2.11,1.79,2.79,0.3,0,0.28,0,0,0,0,0,0,0,0
10,point,219,rock,4.64,2.56,0.02,0.03,0.44,0.43,2.04,0.03,0.36,0.11,0.09,0,0,0,0,0,0,0,0,0,0,66.28,12.36,0.07,0.14,2.31,2.34,12.44,0.18,2.24,0.89,0.75,0,0,0,0,0,0,0,0,0,0
10,point,220,rock,4.3,3.38,0.03,0.04,0.66,0.26,2.27,0.05,0.28,0.06,0,0,0,0,0,0,0,0,0,0,0,62.88,15.76,0.1,0.21,3.44,1.4,13.74,0.32,1.71,0.45,0,0,0,0,0,0,0,0,0,0,0
10,point,221,rock,1.77,3.16,0.03,0.13,1.64,2.55,0.89,0.33,0.87,0.45,0,0,0.03,0,0,0.26,0,0,0,0,0,36.09,16.43,0.12,0.73,9.66,15.92,6.27,2.25,6.07,3.81,0,0,0.29,0,0,2.36,0,0,0,0,0
10,point,222,rock,1.56,3.78,0.1,0.13,1.68,2.99,1.27,0.39,0.37,0.38,0,0,0.03,0,0,0,0,0,0,0,0,33.9,18.82,0.42,0.7,9.86,18.67,8.9,2.67,2.56,3.25,0,0,0.26,0,0,0,0,0,0,0,0
10,point,223,rock,3.72,3.26,0.04,0.07,0.76,1.79,1.6,0.12,0.42,0.24,0,0.06,0,0,0,0,0,0,0,0,0,56.4,14.76,0.13,0.32,3.87,9.57,9.61,0.73,2.57,1.83,0,0.22,0,0,0,0,0,0,0,0,0
10,point,224,rock,0.34,1.02,0,0.03,0.5,1.04,2.25,0.24,0.27,3.35,0,0,0.04,0,0,0,0,0,0,0,0,13.06,6.94,0,0.26,4.44,9.44,21.97,2.28,2.58,38.57,0,0,0.46,0,0,0,0,0,0,0,0
10,point,225,rock,0.5,7.89,0,0.18,3.6,4.78,0.24,0.63,0.31,0.61,0,0,0.05,0,0,0,0,0,0,0,0,10.39,30.78,0,0.9,18.68,27.09,1.53,3.77,1.93,4.55,0,0,0.38,0,0,0,0,0,0,0,0
10,point,226,rock,0.43,1.48,0.02,0.11,1.57,2.57,0.74,0.39,0.42,0.43,0,0,0.08,0,0,0,0,0,0,0,0,18.8,12.59,0.14,1.03,15.24,27.08,8.75,4.46,4.85,5.97,0,0,1.09,0,0,0,0,0,0,0,0
10,point,227,rock,3.78,4.39,0.03,0.08,0.92,1.65,1.6,0.19,0.97,0.15,0,0.42,0,0.14,0,0,0,0,0,0,0,51.44,18.04,0.08,0.36,4.25,8,8.67,1.01,5.33,1.05,0,1.48,0,0.3,0,0,0,0,0,0,0
10,point,228,rock,0.27,7.98,0,0.2,3.72,5.27,0.15,0.7,0.3,0.65,0,0,0.06,0,0,0,0,0,0,0,0,6,31.06,0,0.99,19.43,30.11,0.97,4.26,1.86,4.88,0,0,0.44,0,0,0,0,0,0,0,0
10,point,229,rock,0.55,13.73,0,0.32,2.58,8.52,0.19,0.49,0.16,0.62,0,0,0.04,0,0,0,0,0.17,0,0,0,8.49,37.55,0,1.15,9.81,34.57,0.9,2.14,0.72,3.37,0,0,0.24,0,0,0,0,1.05,0,0,0
10,point,230,rock,0.17,0.62,0,0.04,0.92,1.28,0.07,0.65,0.14,0.53,0.03,0,0.06,0,0,0,0,0,0,0,0,12.67,10.02,0,0.69,16.93,25.46,1.61,13.52,3.02,13.56,0.98,0,1.55,0,0,0,0,0,0,0,0
10,point,231,rock,1.02,7.55,0.05,0.24,3.05,4.52,0.57,0.87,0.33,0.55,0,0,0.08,0,0,0,0,0,0,0,0,18.32,28.25,0.17,1.07,14.55,23.3,3.27,4.83,1.88,3.78,0,0,0.57,0,0,0,0,0,0,0,0
10,point,232,rock,2.26,9.68,0.03,0.12,1.67,7.24,0.91,0.27,0.51,0.72,0,0,0.02,0,0,0,0,0,0,0,0,28.72,27.08,0.08,0.39,5.89,26.95,3.85,1.09,2.12,3.71,0,0,0.12,0,0,0,0,0,0,0,0
10,point,233,rock,0.42,9.56,0.04,0.25,3.98,5.43,0.97,0.98,0.2,1.3,0.04,0,0.05,0,0,0,0,0,0,0,0,7.49,30.24,0.13,1.02,16.93,24.99,4.99,4.78,1.01,7.86,0.24,0,0.32,0,0,0,0,0,0,0,0
10,point,234,rock,0.51,7.87,0.04,0.15,3.25,4.12,0.5,0.46,0.61,0.46,0,0.16,0.05,0,0,0,0,0,0,0,0,10.86,32.14,0.14,0.77,17.42,24.02,3.28,2.86,3.89,3.58,0,0.68,0.35,0,0,0,0,0,0,0,0
10,point,235,rock,1.14,12.14,0.19,0.27,3.81,5.79,0.47,0.78,0.32,0.68,0,0,0.09,0,0,0.22,0,0,0,0,0,15.65,33.62,0.5,0.94,14.07,23.02,2.08,3.32,1.4,3.61,0,0,0.5,0,0,1.29,0,0,0,0,0
10,point,236,rock,0.61,12.25,0.06,0.23,4.59,5.94,0.18,0.68,0.19,0.56,0,0,0.12,0,0,0,0,0,0,0,0,9.62,35.82,0.15,0.88,18.53,26.15,0.88,3.17,0.89,3.23,0,0,0.68,0,0,0,0,0,0,0,0
10,point,237,rock,0.74,15.25,0,0.25,4.2,6.22,0.29,0.94,0.2,0.51,0.04,0,0.04,0,0,0,0,0,0,0,0,10.13,39.9,0,0.86,15.36,24.56,1.27,3.95,0.88,2.66,0.22,0,0.23,0,0,0,0,0,0,0,0
10,point,238,rock,0.16,0.63,0,0.08,2.78,2.15,0.58,0.36,0.22,0.36,0.18,0,0.1,0,0.02,0.13,0,0,0,0,0,8.96,6.11,0,0.82,29.94,26.16,7.78,4.58,2.87,5.51,3.06,0,1.58,0,0.33,2.29,0,0,0,0,0
10,point,239,rock,0,11.88,0,0.26,3.94,6.47,0.16,0.68,0.17,0.61,0.04,0,0.05,0,0,0,0,0,0,0,0,0,38.35,0,1.13,18.1,32.37,0.88,3.65,0.92,4.02,0.26,0,0.33,0,0,0,0,0,0,0,0
10,point,240,rock,1.61,1.87,0.02,0.05,0.53,0.97,1.82,0.19,0.79,1.17,0,0,0.19,0,0,0.11,0,0,0,0,0,39.34,11.88,0.09,0.37,3.75,7.16,14.78,1.53,6.43,11.69,0,0,1.85,0,0,1.14,0,0,0,0,0
10,point,241,rock,1.66,7.63,0.05,0.15,2.31,3.42,0.7,0.49,1.84,0.4,0,0.6,0,0.16,0.03,0,0,0,0,0,0,24.58,27.85,0.16,0.65,10.14,15.93,3.65,2.42,9.48,2.56,0,2.06,0,0.34,0.16,0,0,0,0,0,0
10,point,242,rock,0.77,10.65,0.48,0.11,4.75,5.68,0.04,0.85,0.14,0.19,0.05,0,0,0,0,0,0,0.11,0,0,0,12.48,32.97,1.36,0.44,19.72,25.82,0.18,4.12,0.68,1.16,0.31,0,0,0,0,0,0,0.75,0,0,0
10,point,243,rock,0.7,11.06,0,0.26,3.89,5.75,0.27,0.67,0.22,0.61,0,0,0.13,0,0,0,0,0,0,0,0,11.47,34.42,0,1.06,16.46,26.35,1.37,3.27,1.12,3.72,0,0,0.77,0,0,0,0,0,0,0,0
10,point,244,rock,4.14,10.54,0.04,0.11,1.84,4.94,0.96,0.3,0.34,0.22,0.04,0,0.03,0,0,0,0,0,0,0,0,41.13,27.81,0.1,0.34,5.99,17.05,3.73,1.14,1.33,1.04,0.2,0,0.14,0,0,0,0,0,0,0,0
10,point,245,mz84_seds,0.54,3.79,0,0.24,1.49,2.47,1.09,0.35,0.21,2.3,0.04,0,0.04,0,0,0,0,0,0,0,0,14.88,19.65,0,1.61,10.39,17.99,8.73,2.66,1.62,21.67,0.43,0,0.37,0,0,0,0,0,0,0,0
10,point,246,rock,2.56,1.8,0.04,0.09,1.2,1.66,1.19,0.35,0.71,0.22,0.04,0,0,0,0,0.19,0,0,0,0,0,50.38,10.33,0.15,0.5,7.34,10.78,8.68,2.51,5.2,1.95,0.4,0,0,0,0,1.78,0,0,0,0,0
10,point,247,mz84_seds,2.64,1.86,0.02,0.03,0.18,0.25,1.62,0.07,0.35,0.11,0.03,0,0,0,0,0,0,0,0,0,0,61.46,13.78,0.11,0.21,1.43,2.06,15.11,0.67,3.38,1.36,0.43,0,0,0,0,0,0,0,0,0,0
10,point,248,rock,1.42,0.52,0,0.01,0.15,0.67,1.65,0.11,0.58,0.06,0,0,0,0,0,0,0,0,0,0,0,54.7,5.49,0,0.14,1.6,7.49,20.79,1.33,7.53,0.94,0,0,0,0,0,0,0,0,0,0,0
10,point,249,mz84_seds,3.04,2.21,0,0.03,0.25,0.35,1.56,0.04,0.28,0.07,0,0,0,0,0,0.12,0,0,0,0,0,62.7,14.66,0,0.19,1.78,2.62,13.19,0.36,2.47,0.71,0,0,0,0,0,1.33,0,0,0,0,0
10,point,250,rock,1.31,6.95,0.07,0.17,3.39,4.28,0.48,0.67,0.22,0.37,0.03,0,0.03,0,0,0,0,0,0,0,0,23.29,26.36,0.24,0.77,16.25,22.29,2.81,3.76,1.23,2.58,0.23,0,0.19,0,0,0,0,0,0,0,0
10,point,251,rock,0.56,3.1,0.03,0.14,2.11,3.16,0.49,0.54,0.46,0.38,0.1,0.14,0.03,0,0,0,0,0,0,0,0,17.59,19.67,0.15,1.02,15.9,25.81,4.55,4.72,4.09,4.1,1.24,0.85,0.32,0,0,0,0,0,0,0,0
10,point,252,rock,0.28,5.13,0.04,0.2,3.67,4.25,0.1,0.79,0.12,0.49,0.05,0,0.25,0,0.03,0,0,0.07,0,0,0,7.37,24.86,0.15,1.19,22.53,28.84,0.75,5.61,0.86,4.29,0.46,0,2.22,0,0.21,0,0,0.68,0,0,0
10,point,253,rock,0.48,9.84,0.04,0.19,3.55,6.35,0.1,0.69,0.12,0.42,0.05,0,0.09,0,0,0,0,0,0,0,0,8.91,33.47,0.14,0.82,16.29,31.68,0.54,3.67,0.67,2.8,0.4,0,0.62,0,0,0,0,0,0,0,0
10,point,254,rock,0.34,3.62,0,0.12,1.92,3.22,0.28,0.53,1.24,0.48,0,0,0.21,0,0,0,0,0,0,0,0,9.94,23.35,0,0.84,14.45,26.13,2.55,4.49,10.91,5.12,0,0,2.21,0,0,0,0,0,0,0,0
10,point,255,rock,5.24,8.15,0.05,0.14,1.77,2.77,1.24,0.32,0.37,0.3,0,0,0,0,0,0,0,0,0,0,0,50.32,23.5,0.12,0.47,6.11,10.09,5.05,1.3,1.51,1.53,0,0,0,0,0,0,0,0,0,0,0
10,point,256,rock,0.86,15.15,0,0.28,4.32,5.77,0.3,0.67,0.29,0.6,0,0,0.07,0,0,0,0,0,0,0,0,11.63,39.63,0,0.98,15.89,22.93,1.31,2.82,1.28,3.17,0,0,0.36,0,0,0,0,0,0,0,0
10,point,257,rock,0,6.6,0,0,1.16,8.97,0,0.28,0.06,0.11,1.02,0,0.03,0,0,0,0,0,0,0,0,0,29.01,0,0,6.37,52.37,0,1.82,0.38,0.84,9.02,0,0.2,0,0,0,0,0,0,0,0
10,point,258,mz84_seds,0.21,6.96,0.04,0,0.39,10.84,0,0.11,0.02,0.06,0,0,0,0,0,0,0,0,0,0,0,5.81,28.76,0.16,0,2.07,61.82,0,0.72,0.16,0.51,0,0,0,0,0,0,0,0,0,0,0
10,point,259,rock,0.31,2.73,0,0.06,1.23,4.01,0.13,0.31,0.07,0.31,0.05,0,0.04,0,0,0,0,0.06,0,0,0,13.33,21.01,0,0.54,11.57,40.94,1.59,3.5,0.84,4.31,0.78,0,0.61,0,0,0,0,0.97,0,0,0
10,point,260,rock,3.34,1.27,0,0,0.33,0.12,0.24,0,0,0.06,18.03,0,0,0,0,0,0,0,0,0,0,19.15,4.49,0,0,1.02,0.37,0.74,0,0,0.23,74,0,0,0,0,0,0,0,0,0,0
10,point,261,rock,1.61,1.08,0,0,0.1,0.08,0.17,0,0,0.07,28.39,0,0,0,0,0,0,0,0,0,0,7.15,3.12,0,0,0.24,0.18,0.41,0,0,0.19,88.71,0,0,0,0,0,0,0,0,0,0
10,point,262,rock,0.79,0.3,0,0,0.07,0.06,0.15,0,0,0,22.83,0,0,0,0,0,0,0,0,0,0,4.63,1.19,0,0,0.24,0.19,0.48,0,0,0,93.28,0,0,0,0,0,0,0,0,0,0
10,point,263,rock,0.61,6.52,0,0.16,3.43,3.77,0.41,0.56,0.66,0.46,0,0.22,0.99,0,0,0,0,0,0,0,0,11.97,27.54,0,0.77,17.57,20.9,2.55,3.28,3.95,3.37,0,0.91,7.2,0,0,0,0,0,0,0,0
10,point,264,rock,0.59,3.58,0.04,0.11,2.04,3.53,0.6,0.67,0.14,0.9,0.03,0,0,0,0,0,0,0,0,0,0,17.11,20.08,0.19,0.73,14.25,26.6,5.09,5.41,1.15,9.02,0.36,0,0,0,0,0,0,0,0,0,0
10,point,265,rock,0.78,4.1,0,0.05,0.4,0.63,13.21,0.07,0.13,9.59,0.07,0,0,0.78,0,0,0,0,0.07,0,0,11.11,8.8,0,0.13,1.11,1.76,40.04,0.22,0.41,34.99,0.3,0,0,0.85,0,0,0,0,0.27,0,0
10,point,266,rock,6.75,7.93,0,0.08,1.4,1.61,1.85,0.14,0.39,0.27,0.06,0,0.02,0,0,0,0,0,0,0,0,57.14,21.9,0,0.24,4.53,5.48,7.01,0.54,1.51,1.27,0.28,0,0.1,0,0,0,0,0,0,0,0
10,point,267,rock,4.33,2.15,0.08,0.04,0.12,0.3,2.31,0.03,0.26,0.05,0,0,0,0,0,0,0,0,0,0,0,68.44,11.19,0.32,0.2,0.66,1.74,15.11,0.19,1.76,0.39,0,0,0,0,0,0,0,0,0,0,0
10,point,268,rock,4.67,2.6,0.04,0.03,0.11,0.14,2.1,0.03,0.41,0.1,0,0.17,0,0,0,0,0,0,0,0,0,67.74,12.98,0.14,0.14,0.6,0.76,13.22,0.21,2.69,0.84,0,0.67,0,0,0,0,0,0,0,0,0
10,point,269,mz84_seds,5.21,5,0.05,0.12,1.44,1.88,1.5,0.26,0.49,0.29,0.03,0.08,0.02,0,0,0,0,0,0,0,0,56.35,17.11,0.14,0.43,5.63,7.75,6.86,1.16,2.3,1.68,0.21,0.25,0.14,0,0,0,0,0,0,0,0
10,point,270,rock,1.83,4.7,0.02,0.12,1.37,3.03,0.7,0.35,1.41,0.24,0.03,0,0,0,0,0,0,0,0,0,0,32.98,22.66,0.09,0.63,7.61,17.77,4.58,2.23,9.26,1.94,0.27,0,0,0,0,0,0,0,0,0,0
10,point,271,rock,1.25,4.75,0.03,0.15,1.42,2.7,1.01,0.43,0.26,0.41,0,0,0.04,0,0,0,0,0,0,0,0,29.07,24.96,0.13,0.92,9.16,18.56,7.75,3.22,2.02,3.83,0,0,0.39,0,0,0,0,0,0,0,0
10,point,272,rock,0.87,11.72,0.04,0.24,3.43,5.73,0.12,0.69,0.13,0.62,0.03,0,0.1,0,0,0,0,0,0,0,0,13.54,35.89,0.11,0.96,14.41,25.92,0.62,3.36,0.64,3.72,0.23,0,0.59,0,0,0,0,0,0,0,0
10,point,273,rock,0.53,11.63,0.05,0.33,4.3,6.19,0.13,1.09,0.17,0.79,0,0,0.03,0,0,0,0,0,0,0,0,8.36,34.31,0.15,1.29,17.39,27.17,0.65,5.11,0.82,4.56,0,0,0.19,0,0,0,0,0,0,0,0
10,point,274,rock,0.11,1.76,0,0.11,1.3,2.33,0.64,0.55,0.65,0.42,0,0,0.07,0,0,0,0,0,0,0,0,5.78,17.47,0,1.17,14.76,28.46,8.82,7.12,8.66,6.68,0,0,1.07,0,0,0,0,0,0,0,0
10,point,275,rock,0.32,4.38,0.03,0.17,2.53,3.89,0.23,0.57,0.89,0.61,0.04,0.31,0.06,0.1,0,0,0,0,0,0,0,8.9,23.56,0.12,1.08,16.71,27.89,1.84,4.36,6.94,5.76,0.37,1.68,0.52,0.29,0,0,0,0,0,0,0
10,point,276,rock,0.32,4.69,0,0.1,1.38,1.91,4.24,0.5,0.18,6.65,0,0.15,0,0,0,0,0,0,0,0,0,6.3,14.91,0,0.45,6.23,8.8,20.97,2.39,0.86,38.6,0,0.5,0,0,0,0,0,0,0,0,0
10,point,277,rock,0.8,8.15,0.05,0.21,2.74,5.72,0.63,0.8,0.13,0.44,0,0,0.03,0,0,0,0,0,0,0,0,15.21,29.66,0.18,0.95,12.91,29.06,3.62,4.41,0.73,3.04,0,0,0.24,0,0,0,0,0,0,0,0
10,point,278,rock,0.07,0.65,0,0.05,0.85,4.63,0.05,0.32,0.23,0.31,0,0,0,0,0,0,0,0,0,0,0,4.59,7.08,0,0.53,10.47,62.45,0.83,4.82,3.58,5.64,0,0,0,0,0,0,0,0,0,0,0
10,point,279,rock,0.6,15.8,0.06,0.33,4.46,6.16,0.17,0.83,0.2,0.86,0,0,0.09,0,0,0,0,0,0,0,0,8.1,40.21,0.14,1.14,16.23,24.2,0.72,3.48,0.87,4.44,0,0,0.47,0,0,0,0,0,0,0,0
10,point,280,rock,1.33,6.82,0.05,0.13,1.69,3.46,0.97,0.35,0.45,0.29,0,0.08,0,0,0,0,0,0,0,0,0,26.07,29.56,0.17,0.69,9.25,20.11,6.32,2.21,2.93,2.32,0,0.35,0,0,0,0,0,0,0,0,0
10,point,281,rock,0.26,3.18,0,0.13,2.78,4.61,0.12,0.59,0.18,0.53,0.03,0,0.06,0,0,0,0,0,0,0,0,8.76,18.76,0,0.87,20.2,37.01,1.07,5.09,1.61,5.6,0.37,0,0.66,0,0,0,0,0,0,0,0
10,point,282,rock,0.52,7.44,0.04,0.31,3,4.61,0.38,0.85,0.51,0.68,0,0,0.1,0,0,0,0,0,0,0,0,10.71,29.79,0.13,1.56,15.62,25.86,2.36,5.06,3.15,5.06,0,0,0.7,0,0,0,0,0,0,0,0
10,point,283,rock,2.07,12.66,0.08,0.29,3.55,5.04,0.63,0.8,0.44,0.5,0,0,0.07,0,0,0,0,0,0,0,0,24.1,33.4,0.18,0.96,12.29,18.65,2.58,3.18,1.81,2.51,0,0,0.33,0,0,0,0,0,0,0,0
10,point,284,rock,0.28,2.83,0,0.09,1.5,2.43,0.25,0.48,0.18,0.67,0.05,0,0.26,0,0,0,0,0,0,0,0,11.28,22.69,0,0.87,14.92,26.06,2.97,5.38,2.1,9.41,0.74,0,3.58,0,0,0,0,0,0,0,0
10,point,285,rock,3.08,3.42,0,0.03,0.46,0.76,0.87,0.06,2.41,0.1,0.17,0,0,0,0,0,0,0,0,0,0,46.78,19.65,0,0.18,2.79,4.79,6,0.42,16.98,0.84,1.57,0,0,0,0,0,0,0,0,0,0
10,point,286,rock,7.52,7.04,0.05,0.05,0.67,0.88,1.78,0.1,0.32,0.18,0,0,0,0,0,0,0,0,0,0,0,63.24,21.08,0.12,0.16,2.34,3.19,7.21,0.41,1.32,0.94,0,0,0,0,0,0,0,0,0,0,0
10,point,287,rock,2.65,1.33,0,0.03,0.18,0.35,2.25,0.06,0.3,0.46,0.04,0,0,0,0,0,0,0,0,0,0,60.29,8.82,0,0.22,1.3,2.61,18.51,0.51,2.55,4.81,0.4,0,0,0,0,0,0,0,0,0,0
10,point,288,rock,1.09,2.66,0.02,0.12,1.27,1.68,0.76,0.22,0.69,0.25,0,0.16,0,0,0,0,0,0,0,0,0,32.71,19.45,0.11,0.98,10.74,15.15,7.65,2.1,6.93,3.12,0,1.05,0,0,0,0,0,0,0,0,0
10,point,289,rock,6.51,3.89,0,0.05,0.44,0.55,1.74,0.1,1.05,0.11,0.04,0,0,0,0,0,0,0,0,0,0,65.78,14.85,0,0.22,1.83,2.39,8.38,0.47,5.17,0.67,0.26,0,0,0,0,0,0,0,0,0,0
10,point,290,rock,0.32,7.39,0,0.17,3.11,5.37,0.15,0.52,0.15,0.63,0,0,0.09,0,0,0,0,0,0,0,0,7.65,30.58,0,0.9,17.24,32.47,1.05,3.39,0.98,4.99,0,0,0.75,0,0,0,0,0,0,0,0
10,point,291,rock,0.58,1.66,0.02,0.09,1.45,2.03,0.82,0.3,0.24,1.15,0,0,0.05,0,0,0,0,0,0,0,0,22.32,12.68,0.1,0.83,13.48,20.22,9.02,3.22,2.58,14.96,0,0,0.59,0,0,0,0,0,0,0,0
10,point,292,mz84_seds,1.87,2.7,0.04,0.06,1.05,1.63,1.04,0.24,0.21,0.21,0.17,0,0,0,0,0,0,0,0,0,0,44.71,17.21,0.21,0.44,7.7,12.63,8.96,2.03,1.84,2.26,2,0,0,0,0,0,0,0,0,0,0
10,point,293,rock,2.46,6.92,0.04,0.14,2.66,3.69,0.88,0.63,0.34,0.34,0.03,0,0.04,0,0,0,0,0,0,0,0,34.92,24.25,0.12,0.58,11.37,16.86,4.5,3.11,1.72,2.13,0.21,0,0.23,0,0,0,0,0,0,0,0
10,point,294,rock,0.2,5.73,0.02,0.11,2.74,4.14,0.07,0.41,0.64,0.5,0,0.27,0.08,0.18,0,0,0,0,0,0,0,5.55,29.27,0.1,0.68,18.23,29.99,0.53,3.13,5,4.74,0,1.48,0.75,0.55,0,0,0,0,0,0,0
10,point,295,rock,0.93,6.71,0.07,0.28,2.53,4.36,0.7,0.71,0.23,0.62,0,0,0.05,0,0,0,0,0,0,0,0,18.61,27.2,0.25,1.37,13.15,24.32,4.38,4.27,1.44,4.62,0,0,0.4,0,0,0,0,0,0,0,0
10,point,296,rock,0.1,0.96,0,0.05,1.59,2.53,0.13,0.47,0.13,0.38,0,0,0.03,0,0,0,0,0,0,0,0,6.6,11.3,0,0.67,22,38.93,2.26,7.71,2.24,7.64,0,0,0.65,0,0,0,0,0,0,0,0
10,point,297,rock,0.99,1.65,0,0,0.33,0.59,7.19,0.11,0.24,5.6,0,0,0.03,0,0,0,0,0,0,0,0,20.72,5.85,0,0,1.46,2.65,34.73,0.55,1.19,32.7,0,0,0.14,0,0,0,0,0,0,0,0
10,point,298,mz84_seds,0.48,1.16,0,0.04,1.12,1.59,0.17,0.47,0.18,0.51,0.04,0,0.07,0,0,0,0,0,0,0,0,24.17,13.26,0,0.48,14.85,22.72,2.72,7.14,2.83,9.66,0.86,0,1.32,0,0,0,0,0,0,0,0
10,point,299,rock,8.04,5.12,0.04,0.07,0.49,0.38,2.04,0.06,0.61,0.19,0.07,0,0,0,0,0,0,0,0,0,0,67.75,16.27,0.09,0.24,1.73,1.38,8.36,0.25,2.56,0.98,0.39,0,0,0,0,0,0,0,0,0,0
10,point,300,rock,7.26,3.28,0.02,0.02,0.39,0.6,1.05,0.09,0.08,0.07,0.21,0,0,0,0.03,0,0,0,0,0,0,73.27,13.45,0.08,0.1,1.76,2.82,5.49,0.46,0.45,0.47,1.49,0,0,0,0.18,0,0,0,0,0,0
10,point,301,rock,2.07,1.21,0.04,0.05,0.38,0.6,1.77,0.11,0.16,0.09,0,0,0,0,0,0,0,0,0,0,0,59.24,9.67,0.22,0.39,3.24,5.41,17.94,1.07,1.66,1.16,0,0,0,0,0,0,0,0,0,0,0
10,point,302,rock,3.23,2.02,0.03,0.03,0.16,0.22,2.07,0.04,0.15,0.05,0,0,0,0,0,0,0,0,0,0,0,65.46,12.8,0.14,0.21,1.12,1.56,16.65,0.29,1.26,0.52,0,0,0,0,0,0,0,0,0,0,0
10,point,303,rock,3.1,1.96,0.04,0.03,0.15,0.23,1.68,0.06,0.26,0.12,0,0.05,0,0,0,0,0,0,0,0,0,64.63,13.23,0.19,0.23,1.12,1.79,14.45,0.48,2.29,1.34,0,0.27,0,0,0,0,0,0,0,0,0
10,point,304,rock,1.05,0.59,0,0,0.21,0.24,0.38,0,0.04,0.07,16.51,0,0,0,0.17,0,0,0,0,0,0,8.25,2.74,0,0,0.81,0.91,1.49,0,0.18,0.33,84.63,0,0,0,0.65,0,0,0,0,0,0
10,point,305,rock,0.48,5.02,0,0.15,2.37,3.57,0.21,0.74,0.23,0.82,0,0,0.29,0,0,0,0,0,0,0,0,12.32,26.09,0,0.98,15.68,25.51,1.64,5.63,1.78,7.69,0,0,2.68,0,0,0,0,0,0,0,0
10,point,306,rock,2.48,3.73,0.03,0.11,1.2,1.88,1.11,0.23,1.26,0.29,0.04,0.09,0.04,0,0,0,0,0,0,0,0,42.52,18.57,0.12,0.56,6.69,11.05,7.26,1.47,8.31,2.36,0.36,0.39,0.35,0,0,0,0,0,0,0,0
10,point,307,rock,0.35,4.64,0.03,0.16,3.03,4.66,0.26,0.72,0.25,0.58,0,0,0.05,0,0,0,0,0,0,0,0,9.65,23.1,0.12,0.98,19.03,32.14,2.05,5.32,1.88,5.27,0,0,0.46,0,0,0,0,0,0,0,0
10,point,308,rock,0.23,3.09,0.02,0.12,2.38,3.49,0.33,0.58,0.21,0.81,0,0,0.19,0,0,0,0,0,0,0,0,7.99,19.79,0.1,0.88,18.98,30.39,3.23,5.35,1.95,9.16,0,0,2.16,0,0,0,0.02,0,0,0,0
10,point,309,rock,1.39,3.38,0.02,0.13,1.4,3.25,0.73,0.35,0.19,0.33,0.14,0,0.03,0,0,0,0,0,0,0,0,33.4,18.81,0.08,0.84,9.22,22.8,5.8,2.72,1.45,3.15,1.43,0,0.29,0,0,0,0,0,0,0,0
10,point,310,rock,0.61,13.8,0,0.22,4.48,5.3,0.14,0.47,0.14,0.35,0,0,0.04,0,0,0,0,0,0,0,0,9.73,40.47,0,0.86,18.75,24.17,0.72,2.26,0.69,2.12,0,0,0.24,0,0,0,0,0,0,0,0
10,point,311,rock,4.96,3.83,0.02,0.08,0.34,0.43,2.36,0.07,0.34,0.19,0,0,0,0,0,0,0,0,0,0,0,63.39,16.02,0.07,0.37,1.61,2.11,12.79,0.4,1.9,1.34,0,0,0,0,0,0,0,0,0,0,0
10,point,312,rock,1.68,6.49,0,0.21,1.97,3.22,0.31,0.46,0.13,0.43,3.14,0,0.03,0,0.04,0,0,0,0,0,0,22.29,25,0,0.89,8.7,14.89,1.58,2.23,0.65,2.56,20.79,0,0.21,0,0.22,0,0,0,0,0,0
10,point,313,rock,0.61,5.11,0,0.15,2.09,3.38,0.47,0.48,0.67,0.5,0,0.16,0.04,0,0,0,0,0,0,0,0,15.63,27.02,0,0.95,13.84,24.03,3.78,3.62,5.25,4.69,0,0.84,0.36,0,0,0,0,0,0,0,0
10,point,314,rock,0.38,9.7,0,0.13,4.42,4.84,0.16,0.77,0.15,0.39,0,0,0,0,0,0,0,0,0,0,0,7.53,34.85,0,0.63,21.73,26.23,0.99,4.42,0.88,2.74,0,0,0,0,0,0,0,0,0,0,0
10,point,315,rock,0.34,1.44,0,0.09,1.61,2.28,0.46,0.42,0.91,0.44,0,0.07,0.03,0,0,0,0,0,0,0,0,14.92,13.27,0,0.85,16.55,25.33,5.7,4.91,11.07,6.42,0,0.54,0.44,0,0,0,0,0,0,0,0
10,point,316,rock,0.85,10.44,1.92,0.09,2.81,7.39,0.19,0.21,0.06,0.57,0.04,0,0,0,0,0,0,0,0,0,0,13.87,30.83,5.32,0.35,11.49,32.37,0.93,0.99,0.28,3.33,0.24,0,0,0,0,0,0,0,0,0,0
10,point,317,rock,0.78,5.77,0.03,0.11,2.86,6.25,0.44,0.52,0.29,0.24,0.07,0,0.03,0,0,0,0,0,0,0,0,16.89,23.54,0.11,0.54,14.42,34.26,2.79,3.11,1.75,1.77,0.6,0,0.22,0,0,0,0,0,0,0,0
10,point,318,rock,0.45,8.67,0,0.17,2.76,5.36,0.12,0.66,0.2,0.69,0.04,0,0.04,0,0,0,0,0.07,0,0,0,9.28,33.31,0,0.84,14.29,30,0.75,3.94,1.25,5.11,0.32,0,0.31,0,0,0,0,0.58,0,0,0
10,point,319,rock,0.25,0.58,0.01,0.1,1.18,2.27,0.73,0.44,1.15,0.48,0,0,0.06,0,0,0,0,0,0,0,0,12.69,6.25,0.11,1.05,13.25,27.38,9.93,5.64,15.2,7.59,0,0,0.91,0,0,0,0,0,0,0,0
10,point,320,rock,2.75,7.8,0,0.14,2.24,3.8,0.98,0.66,0.36,0.32,0,0,0.03,0,0,0,0,0,0,0,0,36.23,25.96,0,0.54,9.1,16.47,4.76,3.13,1.73,1.9,0,0,0.18,0,0,0,0,0,0,0,0
10,point,321,rock,0.64,3.04,0,0.17,2.55,4.13,0.64,0.6,0.44,0.69,0.03,0,0.05,0,0,0.29,0,0,0,0,0,17.23,16.01,0,1.01,15.8,27.78,4.87,4.35,3.25,6.16,0.31,0,0.4,0,0,2.83,0,0,0,0,0
10,point,322,rock,0.48,5.22,0.02,0.14,2.8,3.88,0.24,0.54,0.32,0.59,0,0,0.07,0,0,0,0,0,0,0,0,12.59,26.31,0.1,0.87,18.12,27.41,1.86,4.06,2.49,5.51,0,0,0.69,0,0,0,0,0,0,0,0
10,point,323,rock,1.44,8.52,0.04,0.13,1.94,2.76,3.49,0.29,0.3,3.43,0.04,0,0.05,0,0,0,0,0,0,0,0,20.93,24.24,0.11,0.49,7.36,10.91,15.09,1.23,1.28,17.91,0.2,0,0.25,0,0,0,0,0,0,0,0
10,point,324,rock,0.2,16.7,0,0,0,14.68,0,0,0,0.04,0,0,0,0,0,0,0,0,0,0,0,3.22,41.83,0,0,0,54.76,0,0,0,0.18,0,0,0,0,0,0,0,0,0,0,0
10,point,325,rock,1.48,10.82,0.06,0.12,3.78,4.91,1.01,0.57,0.14,1.1,0,0,0,0,0,0,0,0,0,0,0,20.65,30.73,0.15,0.43,14.33,20.01,4.59,2.51,0.62,5.98,0,0,0,0,0,0,0,0,0,0,0
10,point,326,rock,3.33,5.58,0,0.06,0.77,1.92,5.33,0.12,0.27,4.42,0.08,0,0,0,0,0,0,0,0,0,0,37.52,14.11,0,0.18,2.42,6.15,18.77,0.42,0.94,19.11,0.39,0,0,0,0,0,0,0,0,0,0
10,point,327,rock,2.62,8.49,0,0.09,0.57,0.86,0.45,0.15,8.03,0.2,0,0,0,0,0,0,0,0,0,0,0,23.24,31.8,0,0.36,2.22,3.42,1.96,0.59,35.33,1.08,0,0,0,0,0,0,0,0,0,0,0
10,point,328,rock,3.66,5.96,0.03,0.09,1.07,1.55,1.54,0.17,1.05,0.29,0,0,0.05,0,0,0.18,0,0,0,0,0,46.8,22.94,0.1,0.36,4.78,7.22,7.97,0.88,5.53,1.9,0,0,0.31,0,0,1.21,0,0,0,0,0
10,point,329,rock,4.16,3.76,0.03,0.11,0.94,1.32,1.46,0.2,0.95,0.48,0,0,0,0,0,0,0,0,0,0,0,54.71,15.9,0.09,0.48,4.45,6.57,8.05,1.1,5.32,3.32,0,0,0,0,0,0,0,0,0,0,0
10,point,330,rock,3.07,1.35,0,0.03,0.22,0.16,1.14,0.03,1.41,0.07,0.06,0,0,0,0,0,0,0,0,0,0,61.19,10.47,0,0.19,1.72,1.3,10.24,0.3,13.07,0.83,0.71,0,0,0,0,0,0,0,0,0,0
10,point,331,rock,5.73,3.69,0,0.02,0.12,0.07,2.06,0.02,0.35,0.08,0,0,0,0,0,0,0,0,0,0,0,68.81,16.05,0,0.1,0.58,0.33,11.5,0.11,1.99,0.54,0,0,0,0,0,0,0,0,0,0,0
10,point,332,rock,1.54,3.29,0.02,0.16,0.74,1.28,1.32,0.23,0.26,0.26,0,0,0.02,0,0,0,0,0,0,0,0,40.6,21.84,0.12,1.17,5.8,10.57,12.19,2.07,2.43,2.93,0,0,0.27,0,0,0,0,0,0,0,0
10,point,333,rock,0.26,1.27,0,0.02,0.24,2.33,2.96,0.07,0.42,2.53,0,0,0,0,0,0,0,0,0,0,0,10.71,8.33,0,0.14,1.98,19.34,27.4,0.63,3.87,27.61,0,0,0,0,0,0,0,0,0,0,0
10,point,334,rock,0.2,2.73,0,0,0.81,7.42,0.16,0.24,0.48,0.17,0,0,0.02,0,0,0,0,0,0,0,0,7.6,17.29,0,0,5.94,59.03,1.52,2.13,4.42,1.83,0,0,0.25,0,0,0,0,0,0,0,0
10,point,335,rock,0,0.13,0,0,0.17,0.33,0.1,0.23,2.1,0.3,0.06,0,0,0,0,0,0,0,0,0,0,0,4.06,0,0,4.6,8.89,2.81,6.12,60.79,10.61,2.12,0,0,0,0,0,0,0,0,0,0
10,point,336,rock,1.69,4.37,0,0.15,1.86,3,0.45,0.51,0.26,0.49,0,0,0.05,0,0,0,0,0,0,0,0,33.98,21.55,0,0.87,11.12,19.18,3.23,3.56,1.87,4.24,0,0,0.4,0,0,0,0,0,0,0,0
10,point,337,rock,0.78,11.67,0.04,0.26,3.9,6.05,0.61,0.9,0.12,0.78,0,0,0.06,0,0,0,0,0,0,0,0,11.92,33.78,0.11,0.98,15.28,25.63,2.92,4.09,0.58,4.37,0,0,0.35,0,0,0,0,0,0,0,0
10,point,338,rock,0.6,9.57,0.07,0.28,3.46,5.12,0.29,0.86,0.7,0.61,0,0,0.04,0,0,0,0,0,0,0,0,10.49,33.03,0.22,1.23,15.78,25.2,1.58,4.5,3.75,3.95,0,0,0.29,0,0,0,0,0,0,0,0
10,point,339,rock,1.56,6.49,0.03,0.13,1.61,2.77,0.8,0.28,2.16,0.32,0,0,0,0,0,0,0,0,0,0,0,25.65,28.43,0.09,0.64,8.27,15.08,4.82,1.64,13.01,2.37,0,0,0,0,0,0,0,0,0,0,0
10,point,340,rock,0.13,0.15,0,0,0.05,0.09,2.94,0.03,1.21,3.96,0,0,0,0,0,0,0,0,0,0,0,5.89,1.2,0,0,0.47,0.84,30.44,0.27,12.39,48.51,0,0,0,0,0,0,0,0,0,0,0
10,point,341,mz84_seds,1.67,1.36,0.02,0.04,0.29,1.73,1.32,0.06,0.8,0.12,0,0,0,0,0,0,0,0,0,0,0,48.26,10.72,0.14,0.32,2.42,15.08,13.05,0.57,8.02,1.43,0,0,0,0,0,0,0,0,0,0,0
10,point,342,rock,1.02,12,0.06,0.35,3.79,5.75,0.16,0.54,0.11,0.78,0,0,0.03,0,0.03,0,0,0.1,0,0,0,15.07,34.59,0.16,1.31,15.04,24.64,0.76,2.46,0.52,4.46,0,0,0.19,0,0.15,0,0,0.66,0,0,0
10,point,343,mz84_seds,0,0.68,0,0.02,0.33,0.61,0.08,0.22,0.32,0.32,0.38,0,0.03,0,0,0,0,0,0,0,0,0,18.71,0,0.58,10.07,19.17,2.8,7.05,10.91,12.7,16.8,0,1.21,0,0,0,0,0,0,0,0
10,point,344,mz84_seds,0.25,1.36,0,0.04,0.86,2.22,0.07,0.34,0.16,0.49,0.02,0,0.1,0,0,0,0,0,0,0,0,14.79,16.22,0,0.53,12.29,34.13,1.2,5.57,2.7,10.03,0.54,0,2.01,0,0,0,0,0,0,0,0
10,point,345,rock,3.73,1.84,0,0.03,0.11,0.23,2.27,0.03,0.39,0.06,0,0,0,0,0,0,0,0,0,0,0,66.94,10.71,0,0.17,0.67,1.49,16.36,0.21,2.88,0.57,0,0,0,0,0,0,0,0,0,0,0
10,point,346,rock,0.42,3.94,0,0.06,3.06,2.38,1.44,0.4,0.23,2.48,1.8,0,0.03,0,0.08,0,0,0,0,0,0,8.63,17,0,0.33,16.18,13.36,8.67,2.29,1.34,17.36,14.12,0,0.23,0,0.49,0,0,0,0,0,0
10,point,347,rock,1.55,2.19,0.05,0.05,0.6,0.87,1.33,0.13,2.39,0.13,0,1.26,0,0.11,0,0,0,0,0,0,0,35.71,14.61,0.24,0.34,4.07,6.16,10.6,0.96,19.17,1.31,0,6.45,0,0.38,0,0,0,0,0,0,0
10,point,348,rock,0.41,0.65,0.02,0.04,0.62,0.74,1.63,0.12,0.23,0.13,0,0,0,0,0,0,0,0,0,0,0,30.24,9.12,0.22,0.52,9.42,11.9,29.25,2.21,4.25,2.86,0,0,0,0,0,0,0,0,0,0,0
10,point,349,rock,1.04,13.5,0,0.19,4.51,5.6,0.41,0.51,0.27,0.41,0,0,0.03,0,0,0,0,0,0,0,0,14.66,37.03,0,0.67,17.01,22.95,1.87,2.22,1.21,2.21,0,0,0.18,0,0,0,0,0,0,0,0
10,point,350,rock,0.14,1.58,0.02,0.11,2.18,3.15,0.35,0.6,0.18,0.49,0,0,0.1,0,0,0,0,0,0,0,0,7.01,13.3,0.14,1.01,21.79,34.76,4.35,7.01,2.1,7.08,0,0,1.44,0,0,0,0,0,0,0,0
10,point,351,rock,0.51,5.16,0.04,0.16,3.57,4.56,0.11,1.06,0.21,0.55,0,0,0.82,0,0,0,0,0,0,0,0,10.89,23.06,0.14,0.82,19.17,26.75,0.73,6.57,1.34,4.21,0,0,6.3,0,0,0,0,0,0,0,0
10,point,352,rock,0.51,7.24,0.05,0.21,3.09,4.43,0.3,0.77,0.87,0.58,0,0,0.08,0,0,0.38,0,0,0,0,0,10.17,29.3,0.17,1,15.71,24.36,1.84,4.48,5.19,4.22,0,0,0.55,0,0,3.02,0,0,0,0,0
10,point,353,rock,0.59,8.24,0.05,0.17,3.11,4.52,0.17,0.55,0.2,0.6,0,0,0.08,0,0,0,0,0,0,0.06,0,12.12,32.62,0.18,0.86,16.57,26.14,1.13,3.41,1.28,4.57,0,0,0.58,0,0,0,0,0,0,0.55,0
10,point,354,rock,0.49,12.55,0,0.26,3.81,6.32,0.23,0.85,0.25,0.6,0,0,0.05,0,0,0,0,0,0,0,0,7.94,37.18,0,1.03,15.63,28,1.12,4.05,1.22,3.54,0,0,0.28,0,0,0,0,0,0,0,0
10,point,355,rock,1.54,2.97,0.05,0.16,1.42,4.67,0.98,0.5,0.3,0.36,0,0,0.02,0,0,0,0,0,0,0,0,33.73,14.42,0.17,0.86,7.92,27.75,6.68,3.3,2.01,2.96,0,0,0.18,0,0,0,0,0,0,0,0
10,point,356,mz84_seds,0.89,5.56,0,0.17,2.58,4.05,0.77,0.55,0.57,0.66,0,0,0.03,0,0,0,0,0,0,0,0,19.14,24.42,0,0.91,14.07,23.83,5.08,3.44,3.68,5.18,0,0,0.24,0,0,0,0,0,0,0,0
10,point,357,rock,3.31,7.45,0.06,0.19,2.17,3.1,1.08,0.49,0.34,0.39,0,0,0.04,0,0,0,0,0,0,0,0,40.97,24.6,0.17,0.71,8.75,13.26,5.14,2.29,1.62,2.26,0,0,0.23,0,0,0,0,0,0,0,0
10,point,358,rock,0,18.37,0.08,0,3.4,9.28,0.06,3.6,0,0.08,0,0,0,0,0,0,0,0,0,0,0,0,43.39,0.17,0,10.84,31.66,0.24,13.33,0,0.36,0,0,0,0,0,0,0,0,0,0,0
10,point,359,rock,0.92,13.69,0,0.03,4.98,5.13,0.27,0.07,0.09,0.39,0,0,0,0,0,0,0,0,0,0,0,14,38.79,0,0.13,20.06,22.67,1.33,0.34,0.42,2.26,0,0,0,0,0,0,0,0,0,0,0
10,point,360,rock,0.33,5.94,0.03,0.39,3.24,4.48,0.14,0.65,0.14,0.75,0,0,0.07,0,0,0,0,0,0,0,0,8.42,26.86,0.13,2.24,19.48,29.4,1,4.49,1.01,6.41,0,0,0.57,0,0,0,0,0,0,0,0
10,point,361,rock,0.87,4.71,0,0.21,2.79,3.73,0.55,0.68,0.42,0.63,0,0,0.07,0,0,0.23,0,0,0,0,0,19.39,21.94,0,1.16,15.86,22.94,3.76,4.46,2.82,5.11,0,0,0.53,0,0,2.03,0,0,0,0,0
10,point,362,mz84_seds,0.06,0.47,0,0.03,0.6,1.14,0.14,0.52,0.36,0.55,0,0,0.06,0,0,0,0,0,0,0,0,5.4,9.26,0,0.73,13.31,27.01,3.74,12.83,9.09,16.81,0,0,1.83,0,0,0,0,0,0,0,0
10,point,363,rock,1.42,12.72,0,0.21,3.59,4.99,0.24,0.62,0.94,0.62,0.05,0.46,0.05,0,0.03,0,0,0,0,0,0,18.07,35.35,0,0.75,13.19,19.66,1.06,2.59,4.08,3.24,0.26,1.34,0.25,0,0.15,0,0,0,0,0,0
10,point,364,rock,0.33,5.7,0,0.18,3.55,4.94,0.09,0.69,0.48,0.58,0,0.17,0.05,0,0,0,0,0,0,0,0,8.09,25.46,0,0.96,20.2,30.88,0.65,4.56,3.27,4.73,0,0.81,0.39,0,0,0,0,0,0,0,0
10,point,365,rock,0.98,10.46,0.07,0.24,3.75,5.07,0.11,0.94,0.12,0.47,0,0,0.03,0,0,0,0,0,0,0,0,15.66,33.84,0.2,0.99,16.28,23.9,0.6,4.75,0.63,2.96,0,0,0.19,0,0,0,0,0,0,0,0
10,point,366,rock,0.3,5.1,0,0.18,2.73,4.77,0.22,0.8,0.21,0.55,0,0,0.04,0.12,0,0,0,0,0,0,0.02,8.25,25.25,0,1.1,17.33,32.96,1.74,5.89,1.6,5.03,0,0,0.32,0.35,0,0,0,0,0,0,0.18
10,point,367,rock,0.49,1.66,0.03,0.08,1.5,2.34,0.75,0.38,0.17,0.36,0,0,0.03,0,0,0,0,0.05,0,0,0,21.69,14.36,0.18,0.73,15.06,25.59,9.27,4.55,2.09,5.23,0,0,0.38,0,0,0,0,0.87,0,0,0
10,point,368,rock,1.11,18.51,0.05,0.23,4.76,5.88,0.21,0.69,0.15,0.54,0.1,0,0.06,0,0,0,0,0,0,0,0,12.75,42.54,0.12,0.72,15.65,20.87,0.83,2.62,0.57,2.54,0.5,0,0.28,0,0,0,0,0,0,0,0
10,point,369,rock,2.61,12.11,0,0.23,3.18,4.5,0.74,0.52,0.28,0.51,0,0,0.07,0,0,0,0,0,0,0,0,29.55,32.44,0,0.78,11.11,16.8,3.09,2.12,1.17,2.6,0,0,0.34,0,0,0,0,0,0,0,0
10,point,370,rock,0.29,1.23,0,0.11,2.18,3.25,0.24,0.66,0.26,0.67,0,0,0.06,0,0,0,0,0,0,0,0,12.43,9.87,0,1.01,20.41,33.46,2.81,7.23,2.92,9.01,0,0,0.86,0,0,0,0,0,0,0,0
10,point,371,rock,2.8,4.01,0.05,0.15,2.23,3.03,1.27,0.46,0.27,0.37,0,0,0.05,0,0,0,0,0,0,0,0,43.72,16.11,0.17,0.66,10.35,15.04,7.06,2.51,1.51,2.53,0,0,0.33,0,0,0,0,0,0,0,0
10,point,372,rock,0.34,7.89,0,0.27,3.55,5.11,0.12,0.88,0.45,0.62,0,0,0.08,0,0,0,0,0,0,0,0,7.09,30.83,0,1.31,18.29,28.66,0.75,5.21,2.72,4.55,0,0,0.57,0,0,0,0,0,0,0,0
10,point,373,rock,1.22,2.48,0.03,0.1,1.45,2.23,1.11,0.34,0.34,0.27,0,0,0.04,0.05,0,0,0,0,0,0,0,34.55,16.17,0.16,0.74,10.86,17.95,10.04,2.97,3.03,2.94,0,0,0.42,0.16,0,0,0,0,0,0,0
10,point,374,rock,1.01,2.78,0,0.16,1.66,2.48,0.65,0.48,0.35,0.48,0.04,0.1,0.03,0,0,0,0,0,0,0,0,28.47,17.83,0,1.13,12.59,20.09,5.94,4.19,3.12,5.19,0.53,0.62,0.29,0,0,0,0,0,0,0,0
10,point,375,rock,1.26,5.97,0,0.04,0.7,1.1,9.72,0.13,0.15,7.95,0,0,0.04,0,0,0,0,0,0,0,0,17.06,13.49,0,0.12,2.08,3.31,31.63,0.41,0.48,31.25,0,0,0.17,0,0,0,0,0,0,0,0
10,point,376,rock,3.3,3.18,0.04,0.17,1.53,2.16,1.3,0.3,0.32,0.45,0,0,0.04,0,0,0,0,0,0,0,0,51.1,13.98,0.15,0.81,7.64,11.44,7.66,1.72,1.91,3.27,0,0,0.31,0,0,0,0,0,0,0,0
10,point,377,rock,2.02,5.26,0.12,0.1,1.95,2.2,1.1,0.39,0.25,0.39,0.05,0,0,0,0,0,0,0,0,0,0,36.74,23.74,0.47,0.5,10.75,12.91,7.2,2.52,1.64,3.11,0.44,0,0,0,0,0,0,0,0,0,0
10,point,378,rock,0.29,1.93,0.02,0.1,2.42,3.35,0.21,0.68,0.22,0.48,0.03,0,0.07,0,0,0,0,0,0,0,0,11.56,14.41,0.13,0.87,21.33,32.68,2.27,7.04,2.31,6.06,0.49,0,0.83,0,0,0,0,0,0,0,0
10,point,379,rock,0,4.76,0,0.3,2.17,3.2,0.26,0.53,0.39,0.67,0.04,0,0.02,0,0,0,0,0,0,0,0,0,29.91,0,2.43,18.23,29.18,2.61,5.08,3.85,7.9,0.53,0,0.29,0,0,0,0,0,0,0,0
10,point,380,rock,0.26,7.34,0,0.14,3.78,5.13,0.1,0.69,0.24,0.4,0,0,0.03,0,0,0,0,0,0,0,0,6.2,30.6,0,0.73,20.93,31.33,0.68,4.44,1.59,3.24,0,0,0.26,0,0,0,0,0,0,0,0
10,point,381,rock,0,3.46,0,0.15,2.82,4.86,0.13,0.71,0.17,0.63,0.22,0,0.04,0,0,0,0,0,0,0,0,0,20.35,0,1.03,20.72,39.4,1.23,6.1,1.5,6.63,2.62,0,0.41,0,0,0,0,0,0,0,0
10,point,382,rock,3.74,8.45,0,0.28,1.93,2.58,1.1,0.28,0.58,0.52,0,0,0.03,0,0,0,0,0,0,0,0,42.23,26.62,0,1.03,7.52,10.61,5.02,1.26,2.63,2.93,0,0,0.14,0,0,0,0,0,0,0,0
10,point,383,rock,0.36,6.31,0.03,0.12,2.4,5.05,0.13,0.45,2.04,0.36,0,0.78,0.05,0.14,0,0,0,0,0,0,0,7.54,27.73,0.12,0.58,12.61,28.48,0.82,2.7,12.68,2.71,0,3.29,0.39,0.34,0,0,0,0,0,0,0
10,point,384,rock,1.39,11.61,0.04,0.2,3.98,5.25,0.38,1.24,0.14,0.44,0,0,0.03,0,0,0,0,0,0,0,0,18.81,33.41,0.12,0.73,15.08,21.51,1.72,5.43,0.64,2.39,0,0,0.16,0,0,0,0,0,0,0,0
10,point,385,rock,0.33,4.46,0.02,0.16,3.12,4.17,0.32,0.67,0.33,0.51,0,0.07,0.03,0.08,0,0,0,0,0,0,0,9.53,23.11,0.1,1.01,20.37,29.91,2.59,5.08,2.59,4.79,0,0.39,0.3,0.23,0,0,0,0,0,0,0
10,point,386,rock,0.83,10.5,0.06,0.18,2.76,3.76,0.3,0.5,2.15,0.43,0,1.03,1.53,0.23,0,0,0,0,0,0,0,10.88,34.33,0.17,0.69,10.83,15.61,1.36,2.17,9.63,2.35,0,3.11,8.42,0.46,0,0,0,0,0,0,0
10,point,387,rock,0.7,7.33,0.04,0.31,2.75,4.13,0.36,0.61,0.36,0.89,0,0,0.08,0.16,0,0.33,0,0,0,0,0,13.87,29.02,0.16,1.55,14.25,22.93,2.25,3.6,2.19,6.51,0,0,0.6,0.38,0,2.7,0,0,0,0,0
10,point,388,rock,0,5.4,0,0.04,0.48,0.45,6.14,0.04,0.24,9.47,0.05,0,0,0,0,0,0,0,0,0,0,0,15.4,0,0.16,2.07,1.93,28.05,0.19,1.08,50.8,0.33,0,0,0,0,0,0,0,0,0,0
10,point,389,rock,3.94,5.04,0.03,0.09,1.56,1.87,2.61,0.22,0.26,1.69,0.06,0,0.03,0,0,0,0,0,0,0,0,47.08,16.05,0.09,0.31,5.89,7.39,11.4,0.94,1.13,9.16,0.38,0,0.17,0,0,0,0,0,0,0,0
10,point,390,rock,1.54,1.6,0.02,0.06,0.97,1.69,1.29,0.22,0.29,0.28,0,0,0.04,0,0,0,0,0,0,0,0,44.62,11.58,0.12,0.45,7.82,14.4,12.34,2.11,2.8,3.26,0,0,0.51,0,0,0,0,0,0,0,0
10,point,391,rock,0.92,4.63,0.03,0.15,2.66,3.53,0.54,0.54,0.27,0.42,0,0,0.12,0,0,0,0,0,0,0,0,21.86,22.94,0.15,0.88,16.23,23.37,4.04,3.84,1.98,3.7,0,0,1.01,0,0,0,0,0,0,0,0
10,point,392,rock,0.63,5.29,0.02,0.11,2.51,4.48,0.48,0.48,0.2,0.43,0.06,0,0.06,0,0,0,0,0,0,0,0,15.8,25.43,0.08,0.64,15.25,29.47,3.55,3.41,1.42,3.81,0.63,0,0.5,0,0,0,0,0,0,0,0
10,point,393,mz84_seds,0.4,1.91,0,0.08,0.68,1.07,0.39,0.23,4.34,0.31,0.07,0.05,0,0,0,0,0,0,0,0,0,10.48,18.16,0,0.72,6.07,9.91,3.89,2.11,43.64,3.81,0.87,0.33,0,0,0,0,0,0,0,0,0
10,point,394,rock,0.82,9.33,0,0.22,2.85,4.3,0.36,0.64,0.31,0.58,0,0,0.06,0,0,0,0,0,0,0,0,14.99,34.52,0,1.05,14.18,23.03,2.16,3.69,1.83,4.11,0,0,0.44,0,0,0,0,0,0,0,0
10,point,395,rock,0.15,4.85,0,0.16,2.6,3.7,0.06,0.72,0.25,0.6,0,0,0.04,0,0,0,0,0,0,0,0,4.94,27.91,0,1.12,19.63,30.52,0.54,6.27,2.23,6.45,0,0,0.39,0,0,0,0,0,0,0,0
10,point,396,rock,1.64,2.98,0,0.07,1.16,1.67,1.17,0.27,1.48,1.8,0,0,0.12,0,0,0,0,0,0,0,0,31.54,15.26,0,0.41,6.92,10.37,7.97,1.78,9.97,14.83,0,0,0.94,0,0,0,0,0,0,0,0
10,point,397,rock,0.09,1.15,0,0.14,2.26,4.1,0.14,0.68,0.17,0.64,0,0,0.04,0,0,0,0,0,0,0,0,4.21,9.25,0,1.26,21.5,43.1,1.74,7.66,1.98,8.76,0,0,0.55,0,0,0,0,0,0,0,0
10,point,398,rock,0.24,1.15,0,0.1,2.08,3.95,0.68,0.47,0.29,0.47,0,0,0.22,0,0,0.27,0,0,0,0,0,10.32,8.65,0,0.78,17.36,36.15,7.16,4.6,2.93,5.68,0,0,2.65,0,0,3.73,0,0,0,0,0
10,point,399,rock,0.4,1.74,0,0.11,1.51,2.45,0.44,0.38,1.16,0.38,0,0.34,0.04,0.05,0,0,0,0,0,0,0,15.5,14.68,0,0.97,14.08,24.53,4.93,4.08,12.83,5.11,0,2.56,0.5,0.23,0,0,0,0,0,0,0
10,point,400,mz84_seds,0.34,8.17,0.02,0.08,3.8,4.19,0.04,0.3,0.09,0.25,0,0,0.03,0,0,0,0,0,0,0,0,8.47,35.18,0.1,0.45,22.67,27.72,0.32,2.09,0.64,2.13,0,0,0.24,0,0,0,0,0,0,0,0
10,point,401,rock,0,4.7,0,0.08,1.62,3.74,0.09,0.46,0.13,0.51,0.03,0,0.07,0,0,0,0,0,0,0,0,0,32,0,0.71,14.88,37.25,0.97,4.86,1.37,6.65,0.39,0,0.9,0,0,0,0,0,0,0,0
10,point,402,rock,2.13,6.98,0.05,0.31,2.68,3.68,0.66,0.63,0.19,0.72,0,0,0.03,0.17,0,0,0,0,0,0,0,31.68,24.62,0.15,1.31,11.89,17.47,3.49,3.22,1.01,4.6,0,0,0.22,0.35,0,0,0,0,0,0,0
10,point,403,rock,5.66,4.26,0.05,0.05,0.49,0.6,1.74,0.08,1.58,0.12,0.04,0.84,0,0.25,0,0,0,0,0,0,0,59.4,15.81,0.15,0.18,1.98,2.5,8.14,0.35,7.54,0.74,0.23,2.51,0,0.48,0,0,0,0,0,0,0
10,point,404,rock,3.99,5.38,0.05,0.14,1.7,2.52,1.18,0.29,1.02,0.29,0,0,0.04,0,0,0,0,0,0,0,0,47.99,19.34,0.14,0.53,6.99,10.97,5.71,1.37,4.98,1.73,0,0,0.26,0,0,0,0,0,0,0,0
10,point,405,rock,2.36,4.59,0.03,0.08,1.37,1.57,1.63,0.17,0.51,0.21,0.05,0,0,0,0,0.19,0,0,0,0,0,42.46,21.68,0.11,0.39,7.54,9.1,10.58,1.11,3.36,1.71,0.42,0,0,0,0,1.54,0,0,0,0,0
10,point,406,rock,1.06,17.42,0,0.3,3.94,6.79,0.2,0.7,0.23,0.68,0,0,0.06,0,0,0,0,0.12,0,0,0,12.62,40.79,0,0.95,13.04,24.08,0.81,2.66,0.91,3.23,0,0,0.3,0,0,0,0,0.62,0,0,0
10,point,407,rock,0,7,0,0.21,3.75,5.04,0.14,0.76,0.27,0.65,0.04,0,0.08,0,0,0,0,0,0,0,0,0,30.36,0,1.14,21.82,32.33,1.02,5.14,1.83,5.38,0.33,0,0.65,0,0,0,0,0,0,0,0
10,point,408,rock,4.22,2.89,0.03,0.07,0.35,0.57,2.14,0.12,0.31,0.12,0,0,0,0,0,0,0,0,0,0,0,63.51,14.01,0.1,0.36,1.89,3.17,13.29,0.72,2.01,0.96,0,0,0,0,0,0,0,0,0,0,0
10,point,409,rock,3.66,2.33,0.03,0.06,0.62,0.9,1.51,0.12,2.09,0.24,0,0,0,0,0,0.13,0,0,0,0,0,53.63,11.9,0.1,0.3,3.29,4.97,9.2,0.69,13.03,1.82,0,0,0,0,0,1.05,0,0,0,0,0
10,point,410,rock,2.77,6.08,0.04,0.14,2.02,3.09,0.95,0.37,0.29,0.39,0.05,0,0.03,0,0,0,0,0,0,0,0,40.25,22.94,0.13,0.62,9.22,15.03,5.14,1.97,1.56,2.58,0.32,0,0.22,0,0,0,0,0,0,0,0
10,point,411,rock,0.59,12.59,0,0.23,4.23,6.06,0.17,0.64,0.19,0.54,0,0,0.06,0,0,0,0,0,0,0,0,9.43,37.07,0,0.89,17.32,27,0.83,3.04,0.92,3.18,0,0,0.33,0,0,0,0,0,0,0,0
10,point,412,rock,0.56,12.9,0,0.23,4.39,6.27,0.18,0.66,0.19,0.57,0,0,0.06,0,0,0,0,0,0,0,0,8.84,37.01,0,0.89,17.56,27.26,0.88,3.05,0.92,3.27,0,0,0.32,0,0,0,0,0,0,0,0
10,point,413,rock,1.58,14.93,0.1,0.26,3.65,5.64,0.45,0.68,0.34,0.53,0,0,0.07,0,0,0,0,0,0,0,0,18.84,37.72,0.23,0.86,12.58,20.85,1.87,2.69,1.39,2.62,0,0,0.36,0,0,0,0,0,0,0,0
10,point,414,rock,2.03,12.61,0,0.28,3.15,4.79,0.65,0.63,0.39,0.71,0,0,0.04,0,0,0,0,0,0,0,0,24.33,34.1,0,0.97,11.33,18.36,2.77,2.6,1.66,3.67,0,0,0.21,0,0,0,0,0,0,0,0
10,point,415,rock,0.8,10.97,0.04,0.1,5.09,4.54,0.24,0.21,0.15,0.37,0.49,0,0,0,0.03,0,0,0,0,0,0,13.03,34.56,0.1,0.41,21.76,21.32,1.27,1.02,0.75,2.25,3.33,0,0,0,0.19,0,0,0,0,0,0
10,point,416,mz84_seds,0.33,9.99,0.03,0.18,2.11,8.16,0.08,0.42,0.08,0.49,0,0,0,0,0,0,0,0,0,0,0,6.68,34.41,0.08,0.83,9.99,41.37,0.46,2.34,0.46,3.37,0,0,0,0,0,0,0,0,0,0,0
10,point,417,mz84_seds,0.35,9.18,0.07,0.18,4.05,4.71,0.16,0.84,0.17,0.48,0,0,0.17,0,0,0,0,0,0,0,0,7.02,34.07,0.25,0.86,20.34,25.93,0.96,4.9,1.03,3.45,0,0,1.19,0,0,0,0,0,0,0,0
10,point,418,mz84_seds,2.42,1.92,0.02,0.08,1.32,1.75,1.38,0.23,0.35,0.23,0.04,0,0.04,0,0,0,0,0,0,0,0,50.75,10.98,0.09,0.49,8.3,11.74,10.35,1.68,2.65,2.16,0.45,0,0.37,0,0,0,0,0,0,0,0
10,point,419,rock,0.13,0.75,0,0.06,1.82,3.43,0.19,0.76,0.35,0.49,0,0,0.06,0,0,0,0,0,0,0,0,6.96,7.25,0,0.66,19.47,40.45,2.59,9.56,4.53,7.6,0,0,0.95,0,0,0,0,0,0,0,0
10,point,420,rock,0,15.42,0,0.25,4.56,6.23,0.16,0.65,0.19,0.6,0.07,0,0.06,0,0.03,0,0,0.11,0,0,0,0,42.97,0,0.98,18.54,27.58,0.8,3.06,0.93,3.47,0.46,0,0.35,0,0.15,0,0,0.73,0,0,0
10,point,421,rock,1.1,6.29,0.04,0.11,2.32,3.36,2.64,0.36,0.14,2.43,0,0,0.1,0,0,0,0,0,0,0,0,19.91,21.55,0.11,0.46,10.31,15.77,13.69,1.8,0.74,15.05,0,0,0.61,0,0,0,0,0,0,0,0
10,point,422,rock,0.67,11.42,0.07,0.39,3.92,5.41,0.15,0.67,0.16,0.84,0,0,0.06,0,0,0,0,0,0,0,0,10.89,35.1,0.19,1.59,16.78,25.05,0.79,3.28,0.83,5.13,0,0,0.37,0,0,0,0,0,0,0,0
10,point,423,rock,6.11,2.2,0,0.04,0.02,0.01,0.64,0,0.45,0.05,0,0,0.07,0,0.03,0,0,0,0,0,0,77.27,12.87,0,0.25,0.15,0.1,4.69,0,3.38,0.45,0,0,0.64,0,0.2,0,0,0,0,0,0
10,point,424,rock,0.28,4.22,0,0.16,2.9,3.95,0.2,0.75,0.27,0.58,0,0,0.06,0,0,0,0,0,0,0,0,8.53,23.38,0,1.05,20.28,30.31,1.76,6.09,2.27,5.77,0,0,0.57,0,0,0,0,0,0,0,0
10,point,425,rock,0.38,5.96,0.04,0.24,3.39,4.6,0.25,0.78,0.3,0.59,0.04,0,0.06,0,0,0,0,0,0,0,0,9.08,26.51,0.15,1.28,19.45,28.86,1.74,5.18,2.06,4.87,0.32,0,0.5,0,0,0,0,0,0,0,0
10,point,426,mz84_seds,0.53,10.88,0,0.28,4.19,5.48,0.13,0.82,0.19,0.56,0,0,0.05,0,0,0,0,0,0,0,0,9.11,35.05,0,1.17,18.51,26.39,0.69,4.18,1.01,3.55,0,0,0.34,0,0,0,0,0,0,0,0
10,point,427,rock,4.88,3.97,0.03,0.08,0.67,1.01,2.65,0.13,0.52,0.86,0,0,0,0,0,0.2,0,0,0,0,0,57.14,14.08,0.07,0.29,2.68,4.18,12.28,0.6,2.47,5,0,0,0,0,0,1.2,0,0,0,0,0
10,point,428,rock,0.02,0.1,0,0.04,0.45,0.87,0.23,0.26,0.8,2.45,0,0.04,0.06,0,0,0,0,0,0,0,0,1,1.29,0,0.63,7.5,14.85,4.1,4.42,13.81,50.69,0,0.46,1.25,0,0,0,0,0,0,0,0
10,point,429,rock,0.51,2.65,0.02,0.08,1.22,2.23,0.86,0.28,0.58,0.23,0,0.14,0.03,0,0,0,0,0,0,0,0,19.82,21.3,0.14,0.75,11.5,22.43,9.81,3.11,6.51,3.17,0,1.03,0.41,0,0,0,0,0,0,0,0
10,point,430,rock,0.98,13.7,0,0.24,3.29,5.24,0.56,0.68,0.2,0.53,0,0,0.05,0,0,0,0,0,0,0,0,14.13,39.33,0,0.92,13.12,22.4,2.7,3.13,0.93,3.05,0,0,0.29,0,0,0,0,0,0,0,0
10,point,431,rock,1.9,17.92,0.05,0.19,2.83,7.53,0.35,0.53,0.22,0.4,0,0,0.21,0,0,0,0,0,0,0,0,19.78,39.86,0.1,0.54,8.65,24.42,1.28,1.88,0.79,1.78,0,0,0.93,0,0,0,0,0,0,0,0
10,point,432,rock,0.16,0.44,0,0.06,1.45,4.93,0.31,0.51,0.15,0.28,0,0,0.05,0,0,0,0,0,0,0,0,8.82,4.03,0,0.54,14.66,54.84,4.06,6.25,1.89,4.13,0,0,0.78,0,0,0,0,0,0,0,0
10,point,433,rock,2.61,2.16,0.03,0.05,0.8,0.95,1.71,0.13,0.39,0.29,0,0,0,0,0,0,0,0,0,0,0,54.49,12.88,0.12,0.34,5.3,6.64,13.29,1.01,3.09,2.85,0,0,0,0,0,0,0,0,0,0,0
10,point,434,rock,1.52,4.82,0,0.04,0.22,0.29,0.61,0.06,6.32,0.09,0.09,0,0,0,0,0,0,0,0,0,0,20.61,28.78,0,0.26,1.27,1.71,3.9,0.34,41.66,0.75,0.71,0,0,0,0,0,0,0,0,0,0
10,point,435,rock,0.09,0.64,0,0.02,1.15,1.84,0.09,0.27,0.17,0.3,0,0,0.05,0,0,0,0,0,0,0,0,8.17,10.33,0,0.42,21.55,38.29,2.02,5.94,3.74,8.17,0,0,1.37,0,0,0,0,0,0,0,0
10,point,436,rock,0.94,8.74,0.38,0.15,2.85,5.28,0.23,0.63,0.19,0.48,0,0,0.06,0,0,0,0,0,0,0,0,16.82,31.29,1.24,0.69,13.49,26.96,1.3,3.46,1.09,3.25,0,0,0.4,0,0,0,0,0,0,0,0
10,point,437,rock,0.43,5.06,0,0.18,3.08,4.75,0.16,0.65,0.3,0.57,0,0,0.04,0,0,0,0,0,0,0,0,11.23,24.16,0,1.03,18.69,31.56,1.19,4.64,2.16,5.02,0,0,0.33,0,0,0,0,0,0,0,0
10,point,438,mz84_seds,0.66,2.94,0,0.13,1.92,6.12,0.4,0.35,0.15,0.61,0,0,0.03,0,0,0,0,0,0,0,0,18.71,15.12,0,0.74,11.88,40.99,3.08,2.59,1.1,5.51,0,0,0.28,0,0,0,0,0,0,0,0
10,point,439,rock,0.21,0.71,0,0.09,1.37,2.85,0.56,0.39,0.23,1.66,0.04,0,0.04,0,0,0,0,0,0,0,0,9.88,5.85,0,0.92,14.02,30.98,6.85,4.47,2.72,23.14,0.57,0,0.58,0,0,0,0,0,0,0,0
10,point,440,rock,2.13,2.52,0.03,0.06,0.79,0.81,1.22,0.12,1.93,0.16,0,0.11,0,0,0,0,0,0,0,0,0,43.37,16.44,0.13,0.43,5.43,5.87,9.68,0.92,15.59,1.59,0,0.56,0,0,0,0,0,0,0,0,0
10,point,441,rock,0.68,10.8,0,0.4,3.54,5.29,0.2,0.72,0.25,1.03,0.04,0,0.09,0,0,0,0,0,0,0,0,11.04,34.09,0,1.65,15.38,24.74,1.02,3.59,1.28,6.37,0.26,0,0.58,0,0,0,0,0,0,0,0
10,point,442,rock,0.3,2.53,0,0.03,0.44,0.77,6.92,0.14,0.2,7.45,0,0,0,0,0,0,0,0,0,0,0,6.69,8.49,0,0.16,2.01,3.52,34.04,0.67,0.98,43.45,0,0,0,0,0,0,0,0,0,0,0
10,point,443,rock,1.14,2.61,0.03,0.07,0.79,3.3,0.9,0.21,0.64,0.2,0,0.2,0,0.05,0,0,0,0,0,0,0,32.44,16.78,0.14,0.47,5.78,25.5,7.97,1.78,5.63,2.15,0,1.19,0,0.17,0,0,0,0,0,0,0
10,point,444,rock,0.95,0.71,0.02,0.05,1.49,1.56,0.54,0.28,0.38,0.24,0.04,0,0.13,0,0,0.13,0,0,0,0,0,36.89,6.84,0.11,0.49,15.25,17.32,6.71,3.4,4.7,3.56,0.67,0,1.99,0,0,2.07,0,0,0,0,0
